jogador_pasta,img,nome,overall,gols_jogador,gols_time,assistencias_jogador,assistencias_time,finalizacoes_jogador,finalizacoes_time,precisao_finalizacoes_pct_jogador,precisao_finalizacoes_pct_time,passes_jogador,passes_time,precisao_passes_pct_jogador,precisao_passes_pct_time,dribles_jogador,dribles_time,taxa_dribles_certos_pct_jogador,taxa_dribles_certos_pct_time,divididas_jogador,divididas_time,taxa_divididas_ganhas_pct_jogador,taxa_divididas_ganhas_pct_time,impedimentos_jogador,impedimentos_time,faltas_cometidas_jogador,faltas_cometidas_time,posses_bola_ganhas_jogador,posses_bola_ganhas_time,perdas_posse_bola_jogador,perdas_posse_bola_time,minutos_jogados_media_time_jogador,minutos_jogados_media_time_time,distancia_percorrida_media_time_km_jogador,distancia_percorrida_media_time_km_time,distancia_corrida_media_time_km_jogador,distancia_corrida_media_time_km_time
,Captura de Tela (1478).png,Ismaila Sarr,81,3,6,0,5,4,7,75,86,2,98,100,87,3,75,67,92,2,19,50,26,0,0,0,3,1,17,2,15,94,73,"0,1","6,8","2,3","1,1"
,Captura de Tela (1479).png,Anthony Gordon,78,0,6,2,5,0,7,0,86,10,98,80,87,13,75,77,92,0,19,0,26,0,0,0,3,3,17,5,15,94,73,"9,3","6,8","1,9","1,1"
,Captura de Tela (1480).png,Eberechi Eze,83,2,6,1,5,2,7,100,86,6,98,100,87,6,75,100,92,0,19,0,26,0,0,0,3,0,17,0,15,75,73,"7,0","6,8","1,0","1,1"
,Captura de Tela (1481).png,Jean-Philippe Mateta,79,0,6,2,5,0,7,0,86,8,98,63,87,4,75,100,92,0,19,0,26,0,0,0,3,0,17,2,15,94,73,"8,0","46,8","1,0","1,1"
,Captura de Tela (1522).png,Eddie Nketiah,76,0,0,0,0,4,18,50,17,5,95,100,93,5,83,100,94,1,11,0,18,0,0,0,1,0,17,3,10,93,63,"8,7","5,7","1,0","0,6"
,Captura de Tela (1523).png,Jean-Philippe Mateta,79,0,0,0,0,1,18,0,17,0,95,0,93,0,83,0,94,0,11,0,18,0,0,0,1,0,17,0,10,2,63,"0,1","5,7","0,0","0,6"
,Captura de Tela (1524).png,Anthony Gordon,78,0,0,0,0,2,18,0,17,8,95,88,93,9,83,89,94,1,11,100,18,0,0,0,1,2,17,2,10,93,63,"9,5","5,7","1,5","0,6"
,Captura de Tela (1525).png,Eberechi Eze,83,0,0,0,0,6,18,17,17,15,95,100,93,14,83,93,94,0,11,0,18,0,0,0,1,1,17,1,10,93,63,"9,1","5,7","1,0","0,6"
,Captura de Tela (1526).png,Jesurun Rak-Sakyi,72,0,0,0,0,1,18,0,17,4,95,100,93,5,83,80,94,0,11,0,18,0,0,0,1,2,17,1,10,74,63,"7,4","5,7","1,1","0,6"
,Captura de Tela (1527).png,James Tomkins,71,0,0,0,0,2,18,0,17,8,95,88,93,6,83,83,83.94,2,11,0,18,0,0,1,1,3,17,0,10,93,63,"7,1","5,7","0,4","0,6"
,Captura de Tela (1532).png,Jean-Philippe Mateta,79,1,2,0,1,4,16,75,44,9,93,78,86,8,79,88,95,1,14,0,36,0,0,0,3,0,16,2,10,98,77,"8,7","6,9","0,7","0,9"
,Captura de Tela (1533).png,Eberechi Eze,83,0,2,1,1,3,16,33,44,16,93,75,86,15,79,80,95,0,14,0,36,0,0,0,3,1,16,3,10,98,77,"9,6","6,9","1,1","0,9"
,Captura de Tela (1534).png,Anthony Gordon,78,1,2,0,1,3,16,33,44,6,93,83,86,8,79,100,95,1,14,0,36,0,0,1,3,1,16,1,10,98,77,"9,9","6,9","1,3","0,9"
,Captura de Tela (1535).png,Will Yupleg,76,0,2,0,1,1,16,0,44,5,93,80,86,4,79,100,95,2,14,50,36,0,0,0,3,3,16,0,10,53,77,"4,8","6,9","0,6","0,9"
,Captura de Tela (1536).png,Jefferson Lerma,76,0,2,0,1,1,16,0,44,10,93,80,86,9,79,100,95,2,14,100,36,0,0,0,3,3,16,1,10,98,77,"9,3","6,9","1,0","0,9"
,Captura de Tela (1559).png,Daichi Kamada,80,0,0,0,0,3,12,33,50,5,100,100,89,7,84,100,92,0,11,0,27,0,0,0,1,1,16,2,19,25,63,"2,7","6,3","0,6","0,8"
,Captura de Tela (1560).png,Jean-Philippe Mateta,79,0,0,0,0,3,12,33,50,8,100,88,89,7,84,86,92,0,11,0,27,0,0,0,1,0,16,4,19,67,63,"6,6","6,3","0,8","0,8"
,Captura de Tela (1561).png,Ismaila Sarr,82,0,0,0,0,5,12,60,50,5,100,80,89,8,84,88,92,0,11,0,27,0,0,0,1,0,16,2,19,92,63,"1,1","6,3","2,0","0,8"
,Captura de Tela (1562).png,Anthony Gordon,78,0,0,0,0,0,12,0,50,13,100,77,89,7,84,100,92,0,11,0,27,0,0,0,1,0,16,2,19,92,63,"0,1","4,3","1,3","0,8"
,Captura de Tela (1563).png,Davies,77,0,0,0,0,0,12,0,50,17,100,94,89,16,84,94,92,1,11,100,27,0,0,0,1,3,16,2,19,87,63,"9,7","6,3","0,8","0,8"
,Captura de Tela (1627).png,Eddie Nketiah,76,1,4,0,3,1,15,100,53,0,193,0,90,1,162,100,93,0,11,0,9,1,1,0,2,0,28,0,22,22,67,"2,1","6,2","0,5","0,9"
,Captura de Tela (1628).png,Jean-Philippe Mateta,79,0,4,0,3,2,15,0,53,18,193,83,90,12,162,92,93,0,11,0,9,0,1,0,2,0,28,4,22,70,67,"6,2","6,2","0,8","0,9"
,Captura de Tela (1629).png,Daichi Kamada,80,0,4,1,3,1,15,0,53,10,193,100,90,12,162,83,93,0,11,0,9,0,1,0,2,1,28,2,22,47,67,"4,5","6,2","0,6","0,9"
,Captura de Tela (1630).png,Ismaita Sarr,82,2,4,1,3,5,15,60,53,12,193,83,90,15,162,93,93,0,11,0,9,0,1,1,2,1,28,2,22,92,67,"9,8","6,2","2,1","0,9"
,Captura de Tela (1631).png,Anthony Gordon,78,0,4,1,3,4,15,50,53,16,193,75,90,18,162,78,93,0,11,0,9,0,1,0,2,3,28,6,22,92,67,"9,5","6,2","1,4","0,9"
,Captura de Tela (1632).png,Kevin Kampl,79,0,4,0,3,0,15,0,53,6,193,67,90,4,162,100,93,0,11,0,9,0,1,0,2,0,28,0,22,22,67,"2,3","6,2","0,4","0,9"
,Captura de Tela (1633).png,Cheick Doucoure,77,1,4,0,3,2,15,100,53,23,193,96,90,20,162,100,93,0,11,0,9,0,1,0,2,0,28,2,22,92,67,"8,6","6,2","0,8","0,9"
,Captura de Tela (1634).png,Cheick Doucoure,77,1,4,0,3,2,15,100,53,23,193,96,90,20,162,100,93,0,11,0,9,0,1,0,2,0,28,2,22,92,67,"8,6","6,2","0,8","0,9"
,Captura de Tela (1635).png,Davies,77,0,4,0,3,0,15,0,53,18,193,94,90,14,162,93,93,2,11,50,9,0,1,0,2,2,28,2,22,70,67,"6,6","6,2","0,6","0,9"
,Captura de Tela (1636).png,Jefferson Lerma,76,0,4,0,3,0,15,0,53,17,193,100,90,11,162,100,93,2,11,0,9,0,1,0,2,0,28,0,22,45,67,"4,5","6,2","0,6","0,9"
,Captura de Tela (1650).png,Sarr,82,0,1,1,1,1,4,0,25,16,86,75,86,13,69,92,88,0,11,0,18,0,0,1,2,4,13,3,13,94,68,"0,1","6,4","0,7","0,4"
,Captura de Tela (1651).png,Jean-Philippe Mateta,79,1,1,0,1,1,4,100,25,6,86,83,86,6,69,83,88,1,11,0,18,0,0,0,2,0,13,2,13,94,68,"8,8","6,4","0,5","0,4"
,Captura de Tela (1652).png,Anthony Gordon,78,0,1,0,1,0,4,0,25,7,86,86,86,6,69,50,88,1,11,100,18,0,0,0,2,1,13,2,13,94,68,"0,3","6,4","1,0","0,4"
,Captura de Tela (1653).png,Daichi Kamada,80,0,1,0,1,1,4,0,25,3,86,67,86,6,69,67,88,1,11,0,18,0,0,0,2,0,13,3,13,94,68,"9,6","6,4","0,7","0,4"
,Captura de Tela (1654).png,Tom Davies,77,0,1,0,1,0,4,0,25,7,86,100,86,6,9,83,8,1,11,0,18,0,0,0,2,0,13,1,13,60,68,"6,3","6,4","0,2","0,4"
,Captura de Tela (1655).png,Jefferson Lerma,76,0,1,0,1,0,4,0,25,3,86,100,86,2,69,100,88,0,11,0,18,0,0,0,2,1,13,0,13,34,68,"3,3","6,4","0,2","0,4"
,Captura de Tela (1656).png,Cheick Doucouré,77,0,1,0,1,0,4,0,25,11,86,100,86,8,69,100,88,0,11,0,18,0,0,0,2,0,13,0,13,60,68,"5,7","6,4","0,2","0,4"
,Captura de Tela (1657).png,Lewis Cook,77,0,1,0,1,1,4,0,25,0,86,0,86,1,69,100,88,0,11,0,18,0,0,0,2,0,13,0,13,34,68,"3,4","6,4","0,2","0,4"
,Captura de Tela (1658).png,Marc Guehi,81,0,1,0,1,0,4,0,25,6,86,100,86,3,69,100,88,2,11,0,18,0,0,0,2,3,13,0,13,94,68,"7,9","6,4","0,2","0,4"
,Captura de Tela (1661).png,Fddie Nketiah,76,0,0,0,0,0,6,0,0,1,88,0,80,1,70,100,91,0,16,0,38,0,0,0,4,0,17,0,15,31,67,"3,3","6,9","0,6","1,0"
,Captura de Tela (1662).png,Jesurun Rak-Sakyi,72,0,0,0,0,0,6,0,0,1,88,100,80,1,70,100,1,0,16,0,38,0,0,0,4,0,17,0,15,31,67,"3,4","6,9","0,8","1,0"
,Captura de Tela (1663).png,Jean-Philippe Mateta,79,0,0,0,0,2,6,0,0,5,88,100,80,5,70,100,1,0,16,0,38,0,0,0,4,0,17,0,15,63,67,"6,3","6,9","0,4","1,0"
,Captura de Tela (1664).png,Ismaila Sarr,82,0,0,0,0,3,6,0,0,3,88,67,80,8,70,75,91,3,16,33,38,0,0,0,4,1,17,2,15,63,67,"8,6","6,9","2,6","1,0"
,Captura de Tela (1665).png,Anthony Gordon,78,0,0,0,0,0,6,0,0,13,88,69,80,10,70,90,91,0,16,0,38,0,0,0,4,0,17,5,15,94,67,"1,0","6,9","2,1","1,0"
,Captura de Tela (1666).png,Tom Davies,77,0,0,0,0,0,6,0,0,11,88,91,80,9,70,100,91,2,16,100,38,0,0,0,4,2,17,1,15,76,67,"8,4","6,9","1,1","1,0"
,Captura de Tela (1667).png,Jefferson Lerma,76,0,0,0,0,0,6,0,0,6,88,67,80,6,70,83,91,2,16,0,38,0,0,1,4,2,17,2,15,68,67,"7,4","6,9","0,5","1,0"
,Captura de Tela (1668).png,Lewis,77,0,0,0,0,0,6,0,0,7,88,71,80,6,70,83,91,2,16,0,38,0,0,0,4,1,17,2,15,94,67,"9,7","6,9","1,3","1,0"
,Captura de Tela (1701).png,Eddie Nketiah,76,1,1,0,1,2,4,50,25,6,144,100,86,8,114,88,88,1,22,100,27,0,0,0,4,3,22,1,22,47,63,"5,4","6,8","1,0","1,2"
,Captura de Tela (1702).png,Jean-Philippe Mateta,79,0,1,0,1,0,4,0,25,3,144,100,86,3,114,67,88,0,22,0,27,0,0,0,4,0,22,1,22,45,63,"4,7","6,8","0,9","1,2"
,Captura de Tela (1703).png,Sarr,82,0,1,0,1,1,4,0,25,8,144,75,86,9,114,44,88,0,22,0,27,0,0,0,4,1,22,4,22,65,63,"8,6","6,8","2,6","1,2"
,Captura de Tela (1704).png,Davies,77,0,1,0,1,0,4,0,25,16,144,81,86,18,114,89,88,4,22,75,27,0,0,1,4,3,22,3,22,92,63,"0,4","6,8","1,5","1,2"
,Captura de Tela (1705).png,Anthony Gordon,78,0,1,1,1,0,4,0,25,16,144,69,86,12,114,100,88,1,22,100,27,0,0,0,4,2,22,2,22,92,63,"0,8","6,8","2,6","1,2"
,Captura de Tela (1706).png,Lewis Cook,77,0,1,0,1,0,4,0,25,6,144,83,86,4,114,100,88,4,22,0,27,0,0,0,4,0,22,1,22,47,63,"5,0","6,8","0,8","1,2"
,Captura de Tela (1707).png,Jefferson Lerma,76,0,1,0,1,1,4,0,25,23,144,91,86,18,114,94,88,4,22,0,27,0,0,0,4,0,22,2,22,92,63,"0,1","6,8","1,4","1,2"
,Captura de Tela (1721).png,Jean-Philippe Mateta,79,0,0,0,0,2,6,0,0,7,110,86,93,6,99,83,91,0,11,0,45,0,0,0,0,0,17,3,18,91,71,"8,4","7,6","4,4","5,2"
,Captura de Tela (1722).png,Daichi Kamada,80,0,0,0,0,1,6,0,0,10,110,100,93,11,99,91,91,1,11,100,45,0,0,0,0,2,17,2,18,91,71,"0,0","7,6","6,9","5,2"
,Captura de Tela (1723).png,Jesurun Rak-Sakyi,72,0,0,0,0,0,6,0,0,6,110,100,93,9,99,44,91,0,11,0,45,0,0,0,0,1,17,5,18,71,71,"1,1","7,6","8,5","5,2"
,Captura de Tela (1724).png,Banks,66,0,0,0,0,0,6,0,0,0,110,0,93,0,99,0,91,0,11,0,45,0,0,0,0,0,17,0,18,26,71,"3,3","7,6","2,7",52
,Captura de Tela (1725).png,Ismaila Sarr,82,0,0,0,0,0,6,0,0,11,110,100,93,11,99,91,91,0,11,0,45,0,0,0,0,0,17,1,18,65,71,"8,0","7,6","6,0","5,2"
,Captura de Tela (1726).png,Kevin Kampl,79,0,0,0,0,1,6,0,0,10,110,90,93,11,99,100,91,2,11,50,45,0,0,0,0,1,17,2,18,91,71,"0,4","7,6","7,5","5,2"
,Captura de Tela (1727).png,Will Hughes,76,0,0,0,0,0,6,0,0,4,110,100,93,2,99,100,91,0,11,0,45,0,0,0,0,0,17,0,18,26,71,"2,9","7,6","1,9","5,2"
,Captura de Tela (1728).png,Cheick Doucouré,77,0,0,0,0,2,6,0,0,12,110,83,93,12,99,92,91,0,11,0,45,0,0,0,0,1,17,2,18,65,71,"7,6","7,6","5,5","5,2"
,Captura de Tela (1729).png,Chris Richards,76,0,0,0,0,0,6,0,0,10,110,90,93,8,99,100,91,3,11,0,45,0,0,0,0,2,17,1,18,91,71,"9,1","7,6","6,0","5,2"
,Captura de Tela (1730).png,Daniel Munoz,77,0,0,0,0,0,6,0,0,19,110,95,93,16,99,100,91,2,11,50,45,0,0,0,0,3,17,1,18,91,71,"1,2","7,6","8,3","5,2"
,Captura de Tela (1734).png,Eddie Nketiah,76,0,1,0,1,0,5,0,80,5,106,40,87,4,93,75,92,0,5,0,60,0,0,0,0,0,17,4,19,25,67,"2,5","6,6","1,6","4,3"
,Captura de Tela (1735).png,Jean-Philippe Mateta,79,0,1,0,1,0,5,0,80,4,106,75,87,4,93,75,92,0,5,0,60,0,0,0,0,0,17,2,19,67,67,"5,7","6,6","2,7",43
,Captura de Tela (1736).png,Sarr,82,1,1,0,1,2,5,100,80,9,106,89,87,9,93,89,92,0,5,0,60,0,0,0,0,1,17,2,19,92,67,"9,8","6,6","6,5",43
,Captura de Tela (1737).png,Anthony Gordon,78,0,1,0,1,1,5,100,80,12,106,83,87,11,93,82,92,0,5,0,60,0,0,0,0,2,17,3,19,92,67,"9,9","6,6","6,6",43
,Captura de Tela (1738).png,Lewis Cook,77,0,1,0,1,0,5,0,80,4,106,100,87,2,93,100,92,0,5,0,60,0,0,0,0,0,17,0,19,47,67,"4,9","6,6","3,3",43
,Captura de Tela (1739).png,Ai Davies,77,0,1,0,1,2,5,50,80,10,106,80,87,13,93,92,92,0,5,0,60,0,0,0,0,0,17,4,19,45,67,"5,3","6,6","3,6",43
,Captura de Tela (1740).png,Jefferson Lerma,76,0,1,0,1,0,5,0,80,9,106,100,87,6,93,100,92,0,5,0,60,0,0,0,0,2,17,0,19,67,67,"7,7","6,6","5,5",43
,Captura de Tela (1741).png,Nathan Ferguson,71,0,1,1,1,0,5,0,80,14,106,86,87,12,93,100,92,1,5,100,60,0,0,0,0,3,17,2,19,92,67,"0,4","6,6","7,5",43
,Captura de Tela (1742).png,Joachim Andersen,79,0,1,0,1,0,5,0,80,4,106,100,87,4,93,100,92,1,5,100,60,0,0,0,0,1,17,0,19,92,67,"8,3","6,6",48,43
,Captura de Tela (1743).png,Chris Richards,76,0,1,0,1,0,5,0,80,1,106,100,87,0,93,0,92,0,5,0,60,0,0,0,0,1,17,0,19,47,67,"4,4","6,6","2,8",43
,Captura de Tela (1787).png,Daichi Kamada,80,0,4,1,2,5,23,60,61,18,192,94,92,21,169,95,93,0,8,0,63,0,0,0,1,0,28,4,23,93,63,"9,0","5,6","5,7","3,4"
,Captura de Tela (1788).png,Sesurun Rak-Sakyi,72,0,4,0,2,0,23,0,61,7,192,86,92,6,169,67,93,0,8,0,63,0,0,0,1,0,28,1,23,30,63,"3,0","5,6","1,9","3,4"
,Captura de Tela (1789).png,Ismaita Sarr,82,1,4,0,2,4,23,75,61,16,192,94,92,13,169,92,93,0,8,0,63,0,0,0,1,3,28,3,23,63,63,"6,8","5,6","4,7","3,4"
,Captura de Tela (1790).png,Eddie Nketiah,76,0,4,0,2,2,23,50,61,17,192,76,92,14,169,79,93,1,8,0,63,0,0,1,1,0,28,4,23,93,63,"8,2","5,6","4,7","3,4"
,Captura de Tela (1791).png,Anthony Gordon,78,2,4,0,2,5,23,80,61,22,192,77,92,17,169,88,93,0,8,0,63,0,0,0,1,3,28,5,23,88,63,"9,2","5,6","6,2","3,4"
,Captura de Tela (1792).png,Lewis Cook,77,1,4,1,2,5,23,40,61,31,192,100,92,33,169,97,93,0,8,0,63,0,0,0,1,4,28,1,23,93,63,"9,2","5,6","6,0","3,4"
,Captura de Tela (1793).png,Marc Guehi,81,0,4,0,2,0,23,0,61,9,192,100,92,8,169,100,93,1,8,100,63,0,0,0,1,4,28,0,23,93,63,"7,5","5,6","3,9","3,4"
,Captura de Tela (1794).png,Jean-Philippe Mateta,79,0,4,0,2,2,23,50,61,0,192,0,92,1,169,100,93,0,8,0,63,0,0,0,1,0,28,1,23,5,63,"0,4","5,6","0,2","3,4"
,Captura de Tela (1811).png,Jean-Philippe Mateta,79,0,1,0,1,3,6,100,83,4,90,75,82,6,67,50,82,0,5,0,40,0,0,0,0,0,18,6,20,92,72,"7,5","6,9","3,6",7
,Captura de Tela (1812).png,Ismaila Sarr,82,1,1,0,1,2,6,100,83,4,90,50,82,1,67,100,82,0,5,0,40,0,0,0,0,0,18,0,20,71,72,"7,5","6,9","5,3",7
,Captura de Tela (1813).png,Jesurun Rak-Sakyi,72,0,1,1,1,0,6,0,83,7,90,86,82,6,67,67,82,1,5,100,40,0,0,0,0,1,18,0,20,92,72,"9,6","6,9","6,4",7
,Captura de Tela (1814).png,Davies,77,0,1,0,1,0,6,0,83,8,90,100,82,6,67,83,82,1,5,0,40,0,0,0,0,2,18,0,20,92,72,"9,5","6,9","6,3",7
,Captura de Tela (1815).png,Jefferson Lerma,76,0,1,0,1,0,6,0,83,5,90,80,82,4,67,100,82,0,5,0,40,0,0,0,0,1,18,0,20,71,72,"7,3","6,9","4,7",7
,Captura de Tela (1816).png,Kevin Kampl,79,0,1,0,1,1,6,0,83,10,90,80,82,10,67,90,82,1,5,0,40,0,0,0,0,0,18,3,20,92,72,"9,2","6,9","5,6","4,4"
,Captura de Tela (1817).png,Chris Richards,76,0,1,0,1,0,6,0,83,13,90,69,82,8,67,88,82,0,5,0,40,0,0,0,0,1,18,4,20,71,72,"7,0","6,9","4,5",7
,Captura de Tela (1818).png,Nathaniel Clyne,69,0,1,0,1,0,6,0,83,9,90,78,82,5,67,100,82,1,5,100,40,0,0,0,0,3,18,1,20,92,72,"0,2","6,9","7,4",7
,Captura de Tela (1850).png,Jean-Philippe Mateta,79,0,0,0,0,0,0,0,0,1,79,100,86,1,66,100,95,0,12,0,33,0,0,0,1,0,9,0,9,28,67,"2,4","6,0","1,3","3,5"
,Captura de Tela (1851).png,Daichi Kamada,80,0,0,0,0,0,0,0,0,4,79,100,86,5,66,80,95,0,12,0,33,0,0,0,1,0,9,1,9,92,67,"8,4","6,0","4,6","3,5"
,Captura de Tela (1852).png,Anthony Gordon,78,0,0,0,0,0,0,0,0,6,79,100,86,6,66,100,95,0,12,0,33,0,0,0,1,0,9,0,9,92,67,"9,6","6,0","6,4","3,5"
,Captura de Tela (1853).png,Eddie Nketiah,76,0,0,0,0,0,0,0,0,6,79,83,86,5,66,100,95,0,12,0,33,0,0,0,1,0,9,1,9,92,67,"8,2","6,0","4,4","3,5"
,Captura de Tela (1854).png,Ismaila Sarr,82,0,0,0,0,0,0,0,0,4,79,75,86,4,66,75,95,0,12,0,33,0,0,0,1,0,9,2,9,64,67,"6,6","6,0","4,2","3,5"
,Captura de Tela (1855).png,Lewis Cook,77,0,0,0,0,0,0,0,0,7,79,86,86,5,66,100,95,1,12,0,33,0,0,1,1,0,9,1,9,92,67,"8,5","6,0","5,0","3,5"
,Captura de Tela (1856).png,Tom Davies,78,0,0,0,0,0,0,0,0,2,79,100,86,1,66,100,95,3,12,0,33,0,0,0,1,0,9,0,9,28,67,"2,6","6,0","1,5","3,5"
,Captura de Tela (1857).png,Cheick Doucouré,77,0,0,0,0,0,0,0,0,7,79,71,86,6,66,83,95,0,12,0,33,0,0,0,1,0,9,0,9,64,67,"6,3","6,0","3,6","3,5"
,Captura de Tela (1858).png,Marc Guehi,81,0,0,0,0,0,0,0,0,9,79,89,86,7,66,100,95,1,12,0,33,0,0,0,1,1,9,0,9,64,67,"5,6","6,0","2,9","3,5"
,Captura de Tela (1859).png,Chris Richards,76,0,0,0,0,0,0,0,0,5,79,100,86,2,66,100,95,1,12,100,33,0,0,0,1,2,9,0,9,47,67,"3,8","6,0","2,2","3,5"
,Captura de Tela (1860).png,Joachim Andersen,79,0,0,0,0,0,0,0,0,5,79,100,86,5,66,100,95,2,12,100,33,0,0,0,1,1,9,0,9,45,67,"4,1","6,0","2,2","3,9"
,Captura de Tela (1861).png,Tino Livramento,77,0,0,0,0,0,0,0,0,9,79,67,86,9,66,100,95,3,12,33,33,0,0,0,1,1,9,2,9,92,67,"9,4","6,0","6,2","3,5"
,Captura de Tela (1905).png,Jean-Philippe Mateta,79,1,5,2,5,6,18,67,61,15,198,93,95,14,155,93,94,0,14,0,43,0,1,0,1,0,20,2,13,93,63,"7,8","5,2","4,4","3,0"
,Captura de Tela (1906).png,Anthony Gordon,78,1,5,1,5,1,18,100,61,11,198,91,95,8,155,75,94,0,14,0,43,0,1,0,1,1,20,2,13,22,63,"2,0","5,2","1,4","3,0"
,Captura de Tela (1907).png,Ismaita Sarr,82,1,5,0,5,4,18,75,61,13,198,100,95,12,155,75,94,1,14,0,43,1,1,0,1,1,20,4,13,71,63,"6,6","5,2","4,2","3,0"
,Captura de Tela (1908).png,Davies,78,1,5,0,5,3,18,33,33.61,25,198,88,95,20,155,95,94,0,14,0,43,0,1,0,1,1,20,1,13,93,63,"8,9","5,2","5,6","3,0"
,Captura de Tela (1909).png,Will Hughes,76,1,5,1,5,1,18,100,61,3,198,100,95,3,155,100,94,0,14,0,43,0,1,0,1,0,20,0,13,25,63,"2,1","5,2","1,2","3,0"
,Captura de Tela (1910).png,Scott Banks,66,0,5,1,5,0,18,0,61,2,198,100,95,0,155,0,94,0,14,0,43,0,1,0,1,0,20,0,13,25,63,"2,0","5,2","1,1","3,0"
,Captura de Tela (1911).png,Cheick Doucoure,77,0,5,0,5,0,18,0,61,16,198,100,95,12,155,92,94,0,14,0,43,0,1,0,1,0,20,0,13,68,63,"6,1","5,2","3,4","3,0"
,Captura de Tela (1912).png,Eddie Nketiah,76,0,5,0,5,1,18,0,61,8,198,100,95,7,165,100,94,0,14,0,43,0,1,0,1,1,20,0,13,68,63,"5,9","5,2","3,5","3,0"
,Captura de Tela (1913).png,Jefferson Lerma,76,0,5,0,5,0,18,0,61,26,198,100,95,22,155,95,9,4,14,50,43,0,1,0,1,4,20,1,13,93,63,"8,9","5,2","5,6","3,0"
,Captura de Tela (1914).png,Jonathan Gomez,67,0,5,0,5,1,18,100,61,27,198,96,95,22,155,100,94,2,14,100,43,0,1,0,1,4,20,1,13,93,63,"8,3","5,2","5,1","3,0"
,Captura de Tela (1915).png,Chris Richards,76,0,5,0,5,1,18,0,61,8,198,100,95,7,155,100,94,2,14,0,43,0,1,0,1,1,20,1,13,76,63,"5,7","5,2","2,8","3,0"
,Captura de Tela (1916).png,Joachim Andersen,79,0,5,0,5,0,18,0,61,16,198,94,95,10,155,100,94,1,14,100,43,0,1,0,1,5,20,0,13,68,63,"5,4","5,2","2,7","3,0"
,Captura de Tela (1930).png,Jean-Philippe Mateta,79,0,0,0,0,0,1,0,0,9,139,89,91,5,102,100,93,0,13,0,15,0,1,0,0,0,17,1,16,85,67,"7,4","5,9","3,9","3,4"
,Captura de Tela (1931).png,Eddie Nketiah,76,0,0,0,0,0,1,0,0,10,139,80,91,10,102,90,93,1,13,0,15,0,1,0,0,3,17,3,16,92,67,"9,2","5,9","5,9","3,4"
,Captura de Tela (1932).png,Daichi Kamada,80,0,0,0,0,0,1,0,0,16,139,88,89,13,102,85,93,0,13,0,15,0,1,0,0,0,17,4,16,92,67,"8,7","5,9","5,0","3,4"
,Captura de Tela (1933).png,Anthony Gordon,78,0,0,0,0,1,1,0,0,16,139,81,91,11,102,82,93,0,13,0,15,1,1,0,0,2,17,4,16,92,67,"9,0","5,9","5,7","3,4"
,Captura de Tela (1934).png,Jesurun Rak-Sakyi,72,0,0,0,0,0,1,0,0,0,139,0,91,0,102,0,93,0,13,0,15,0,1,0,0,0,17,0,16,7,67,"0,6","5,9","0,4","3,4"
,Captura de Tela (1935).png,Baa Davies,78,0,0,0,0,0,1,0,0,0,139,0,91,0,102,0,93,0,13,0,15,0,1,0,0,0,17,0,16,7,67,"0,6","5,9","0,4","3,4"
,Captura de Tela (1936).png,Lewis Cook,77,0,0,0,0,0,1,0,0,22,139,95,91,19,102,95,93,3,13,33,15,0,1,0,0,3,17,2,16,85,67,"8,5","5,9","5,3","3,4"
,Captura de Tela (1937).png,Kevin Kampl,79,0,0,0,0,0,1,0,0,20,139,100,91,14,102,93,93,2,13,0,15,0,1,0,0,0,17,1,16,92,67,"8,2","5,9","4,5","3,4"
,Captura de Tela (1938).png,Tino Livramento,77,0,0,0,0,0,1,0,0,3,139,100,91,3,102,100,93,1,13,0,15,0,1,0,0,0,17,0,16,7,67,"0,7","5,9","0,5","3,4"
,Captura de Tela (1939).png,Nathan Ferguson,72,0,0,0,0,0,1,0,0,10,139,90,91,7,102,100,93,0,13,0,15,0,1,0,0,1,17,0,16,85,67,"8,0","5,9","5,1","3,4"
,Captura de Tela (1940).png,Chris Richards,76,0,0,0,0,0,1,0,0,2,139,100,91,1,102,100,93,1,13,0,15,0,1,0,0,1,17,0,16,7,67,"0,5","5,9","0,3","3,4"
,Captura de Tela (1941).png,Marc Guehi,81,0,0,0,0,0,1,0,0,9,139,100,91,5,102,100,93,3,13,33,15,0,1,0,0,4,17,0,16,85,67,"6,8","5,9","3,3","3,4"
,Captura de Tela (1942).png,Joachim Andersen,79,0,0,0,0,0,1,0,0,8,139,100,91,6,102,100,93,1,13,0,15,0,1,0,0,1,17,0,16,92,67,"7,4","5,9","3,6","3,4"
,Captura de Tela (1943).png,Daniel Munoz,77,0,0,0,0,0,1,0,0,11,139,82,91,8,102,100,93,1,13,0,15,0,1,0,0,1,17,1,16,92,67,"9,3","5,9","6,3","3,4"
,Captura de Tela (1960).png,Luis Diaz,84,0,1,0,1,3,8,33,63,8,148,88,93,10,103,70,89,1,9,0,22,0,1,0,1,2,16,3,15,79,72,"8,6","7,2","6,2","4,7"
,Captura de Tela (1963).png,Jean-Philippe Mateta,79,0,1,0,1,0,8,0,38,8,102,75,84,5,82,80,95,1,16,0,13,0,1,0,3,0,17,1,17,93,63,"8,7","5,9","5,2","3,8"
,Captura de Tela (1964).png,Daichi Kamada,80,0,1,1,1,2,8,0,38,13,102,69,84,16,82,94,95,1,16,0,13,0,1,0,3,0,17,4,17,93,63,"8,9","5,9","5,4","3,8"
,Captura de Tela (1965).png,Anthony Gordon,78,0,1,0,1,2,8,100,38,7,102,43,84,7,82,100,95,0,16,0,13,0,1,0,3,1,17,5,17,93,63,"9,9","5,9","6,8","3,8"
,Captura de Tela (1966).png,Eddie Nketiah,76,1,1,0,1,2,8,50,38,0,102,0,84,2,82,50,95,1,16,0,13,0,1,1,3,0,17,1,17,28,63,"3,0","5,9","2,1","3,8"
,Captura de Tela (1967).png,Ismaila Sarr,82,0,1,0,1,0,8,0,38,4,102,50,84,4,82,75,95,2,16,0,13,1,1,0,3,1,17,2,17,65,63,"7,4","5,9","5,4","3,8"
,Captura de Tela (1968).png,Will Hughes,76,0,1,0,1,0,8,0,38,8,102,100,84,5,82,100,95,1,16,0,13,0,1,0,3,1,17,0,17,48,63,"4,5","5,9","2,8","3,8"
,Captura de Tela (1969).png,Lewis Cook,77,0,1,0,1,0,8,0,38,8,102,88,84,7,82,100,95,2,16,0,13,0,1,1,3,0,17,1,17,45,63,"4,8","5,9","3,3","3,8"
,Captura de Tela (1970).png,Jefferson Lerma,76,0,1,0,1,1,8,0,38,1,102,100,84,2,82,100,95,0,16,0,13,0,1,0,3,1,17,0,17,17,63,"1,7","5,9","1,2","3,8"
,Captura de Tela (1971).png,Cheick Doucouré,77,0,1,0,1,1,8,0,38,10,102,90,84,8,82,100,95,3,16,0,13,0,1,0,3,2,17,1,17,76,63,"7,9","5,9","5,3","3,8"
,Captura de Tela (1972).png,Daniel Mufioz,77,0,1,0,1,0,8,0,38,3,102,67,84,3,82,100,95,2,16,50,13,0,1,0,3,1,17,1,17,48,63,"4,5","5,9","3,0","3,8"
,Captura de Tela (1973).png,Nathan Ferguson,72,0,1,0,1,0,8,0,38,3,102,100,84,1,82,100,95,0,16,0,13,0,1,0,3,1,17,0,17,45,63,"5,0","5,9","3,7","3,8"
,Captura de Tela (1974).png,Joachim Andersen,79,0,1,0,1,0,8,0,38,6,102,100,84,5,82,100,95,0,16,0,13,0,1,0,3,0,17,0,17,28,63,"1,8","5,9","0,7","3,8"
,Captura de Tela (1975).png,Marc Guehi,81,0,1,0,1,0,8,0,38,7,102,86,84,5,82,100,95,2,16,0,13,0,1,1,3,1,17,1,17,65,63,"5,9","5,9","3,5","3,8"
,Captura de Tela (1976).png,Chris Richards,76,0,1,0,1,0,8,0,38,10,102,100,84,7,82,100,95,0,16,0,13,0,1,0,3,1,17,0,17,93,63,"7,8","5,9","4,4","3,8"
,Captura de Tela (1977).png,Tino Livramento,77,0,1,0,1,0,8,0,38,8,102,100,84,5,82,100,95,1,16,100,13,0,1,0,3,5,17,0,17,93,63,"9,4","5,9","6,3","3,8"
,Captura de Tela (2019).png,Eddie Nketiah,76,0,3,0,3,0,9,0,44,3,193,100,92,3,147,100,88,0,16,0,38,0,0,0,1,0,26,0,22,31,63,"2,5","5,6","1,3","3,4"
,Captura de Tela (2020).png,Jean-Philippe Mateta,79,2,3,0,3,3,9,100,44,8,193,88,92,9,147,100,88,0,16,0,38,0,0,0,1,1,26,1,22,61,63,"5,0","5,6","2,6","3,4"
,Captura de Tela (2021).png,Ismaila Sarr,82,1,3,0,3,4,9,25,44,8,193,88,92,9,147,78,88,1,16,0,38,0,0,0,1,0,26,1,22,92,63,"9,4","5,6","6,6","3,4"
,Captura de Tela (2022).png,Scott Banks,67,0,3,0,3,0,9,0,44,6,193,100,92,5,147,100,88,0,16,0,38,0,0,0,1,0,26,0,22,20,63,"1,9","5,6","1,3","3,4"
,Captura de Tela (2023).png,Jesurun Rak-Sakyi,72,0,3,0,3,1,9,0,44,16,193,94,92,17,147,82,88,1,16,0,38,0,0,0,1,1,26,4,22,72,63,"7,1","5,6","4,5","3,4"
,Captura de Tela (2024).png,Lewis Cook,77,0,3,0,3,0,9,0,44,2,193,100,92,3,147,33,88,0,16,0,38,0,0,0,1,0,26,2,22,20,63,"1,8","5,6","1,1","3,4"
,Captura de Tela (2025).png,Davies,78,0,3,0,3,0,9,0,44,18,193,94,92,16,147,88,88,2,16,50,38,0,0,0,1,1,26,3,22,72,63,"6,8","5,6","4,3","3,4"
,Captura de Tela (2026).png,Jefferson Lerma,76,0,3,1,3,1,9,0,44,30,193,93,92,25,147,92,88,4,16,50,38,0,0,1,1,5,26,4,22,92,63,"8,8","5,6","5,6","3,4"
,Captura de Tela (2027).png,Jefferson Lerma,76,0,3,1,3,1,9,0,44,30,193,93,92,25,147,92,88,4,16,50,38,0,0,1,1,5,26,4,22,92,63,"8,8","5,6","5,6","3,4"
,Captura de Tela (2028).png,Cheick Doucouré,77,0,3,1,3,0,9,0,44,21,193,81,92,12,147,100,88,0,16,0,38,0,0,0,1,1,26,1,22,61,63,"5,7","5,6","3,5","3,4"
,Captura de Tela (2029).png,Jonathan Gomez,67,0,3,0,3,0,9,0,44,13,193,100,92,9,147,78,88,4,16,0,38,0,0,0,1,2,26,1,22,92,63,"9,2","5,6","6,3","3,4"
,Captura de Tela (2030).png,Elias Fink,64,0,3,0,3,0,9,0,44,19,193,100,92,15,147,87,88,1,16,0,38,0,0,0,1,1,26,2,22,92,63,"7,8","5,6","4,4","3,4"
,Captura de Tela (2031).png,James Tomkins,71,0,3,0,3,0,9,0,44,0,193,0,92,0,147,0,88,0,16,0,38,0,0,0,1,0,26,0,22,4,63,"0,5","5,6","0,1","3,4"
,Captura de Tela (2032).png,Joachim Andersen,79,0,3,0,3,0,9,0,44,12,193,92,92,6,147,100,88,2,16,100,38,0,0,0,1,4,26,0,22,88,63,"7,5","5,6","4,2","3,4"
,Captura de Tela (2033).png,Daniel Mufioz,77,0,3,1,3,0,9,0,44,20,193,80,92,9,147,100,88,1,16,100,38,0,0,0,1,5,26,1,22,92,63,"9,7","5,6","6,8","3,4"
,Captura de Tela (2035).png,Eddie Nketian,76,0,3,0,3,0,9,0,44,3,193,100,92,3,147,100,88,0,16,0,38,0,0,0,1,0,26,0,22,31,63,"2,5","5,6","1,3","3,4"
,Captura de Tela (2056).png,Ismaila Sarr,82,1,1,0,1,2,5,50,60,2,91,100,76,2,70,100,93,0,11,0,55,0,0,0,1,0,20,0,19,48,68,"4,8","6,8","0,5","0,7"
,Captura de Tela (2057).png,Eddie Nketiah,76,0,1,0,1,1,5,0,60,3,91,67,76,2,70,100,93,0,11,0,55,0,0,0,1,0,20,0,19,45,68,"4,1","6,8","0,4","0,7"
,Captura de Tela (2058).png,Jesurun Rak-Sakyi,72,0,1,0,1,0,5,0,60,1,91,0,76,2,70,50,93,0,11,0,55,0,0,0,1,0,20,2,19,15,68,"1,7","4,8","0,1","0,7"
,Captura de Tela (2059).png,Daichi Kamada,81,0,1,0,1,0,5,0,60,8,91,100,76,6,70,100,93,0,11,0,55,0,0,0,1,1,20,0,19,78,68,"8,2","6,8","0,5","0,7"
,Captura de Tela (2060).png,Davies,78,0,1,1,1,0,5,0,60,9,91,100,76,10,70,90,93,0,11,0,55,0,0,0,1,0,20,1,19,93,68,"9,8","6,8","0,9","0,7"
,Captura de Tela (2061).png,Lewis Cook,77,0,1,0,1,1,5,100,60,11,91,73,76,8,70,100,93,1,11,0,55,0,0,0,1,0,20,3,19,93,68,"9,9","6,8","1,2","0,7"
,Captura de Tela (2062).png,Anthony Gordon,78,0,1,0,1,1,5,100,60,8,91,75,76,7,70,100,93,0,11,0,55,0,0,0,1,0,20,2,19,93,68,"0,0","6,8","1,0","0,7"
,Captura de Tela (2063).png,Will Swedes,76,0,1,0,1,0,5,0,60,0,91,0,76,0,70,0,93,0,11,0,55,0,0,0,1,0,20,0,19,15,68,"1,7","4,8","0,1","0,7"
,Captura de Tela (2064).png,Cheick Doucouré,77,0,1,0,1,0,5,0,60,7,91,86,76,5,70,80,93,0,11,0,55,0,0,0,1,4,20,2,19,78,68,"8,7","46,8","0,9","0,7"
,Captura de Tela (2065).png,Mitchell,77,0,1,0,1,0,5,0,60,6,71,50,76,5,70,100,93,1,11,100,55,0,0,0,1,0,20,3,19,48,68,"5,7","6,8","1,0","0,7"
,Captura de Tela (2066).png,Nathan Ferguson,72,0,1,0,1,0,5,0,60,5,91,20,76,3,70,100,93,1,11,100,55,0,0,0,1,2,20,3,19,45,68,"4,9","6,8","0,8","0,7"
,Captura de Tela (2067).png,Gueéhi,81,0,1,0,1,0,5,0,60,7,91,86,76,4,70,100,93,5,11,80,55,0,0,0,1,5,20,0,19,93,68,"9,0","6,8","0,7","40,7"
,Captura de Tela (2068).png,Chris Richards,76,0,1,0,1,0,5,0,60,5,91,80,76,3,70,100,93,2,11,0,55,0,0,0,1,1,20,0,19,93,68,"8,4","6,8","0,5","0,7"
,Captura de Tela (2069).png,Tino Livramento,77,0,1,0,1,0,5,0,60,14,91,86,76,12,70,83,93,1,11,0,55,0,0,1,1,4,20,1,19,93,68,"0,6","6,8","1,9","40,7"
,Captura de Tela (2082).png,Jean-Philippe Mateta,79,1,2,0,2,2,5,50,40,2,72,100,85,2,58,100,91,0,13,0,23,0,0,0,1,0,13,0,13,70,78,"6,9","7,5","0,6","0,7"
,Captura de Tela (2083).png,Ismaila Sarr,82,1,2,1,2,1,5,100,40,10,72,60,85,10,58,80,91,1,13,100,23,0,0,0,1,3,13,4,13,93,78,"0,3","7,5","1,3","0,7"
,Captura de Tela (2084).png,Daichi Kamada,81,0,2,0,2,0,5,0,40,1,72,100,85,2,58,50,91,0,13,0,23,0,0,0,1,0,13,0,13,23,78,"2,4","7,5","0,3","0,7"
,Captura de Tela (2085).png,Anthony Gordon,78,0,2,0,2,0,5,0,40,5,72,100,85,3,58,100,91,1,13,0,23,0,0,0,1,1,13,0,13,93,78,"0,0","7,5","0,9","0,7"
,Captura de Tela (2086).png,Davies,78,0,2,0,2,2,5,0,40,8,72,88,85,9,58,100,91,1,13,100,23,0,0,0,1,1,13,2,13,93,78,"9,6","7,5","0,8","0,7"
,Captura de Tela (2087).png,Jefferson Lerma,76,0,2,1,2,0,5,0,40,7,72,86,85,4,58,75,91,1,13,0,23,0,0,0,1,1,13,2,13,93,78,"9,5",75,"0,8","0,7"
,Captura de Tela (2088).png,Cheick Doucouré,77,0,2,0,2,0,5,0,40,4,72,100,85,4,58,100,91,1,13,0,23,0,0,0,1,0,13,0,13,93,78,"9,0","7,5","0,7","0,7"
,Captura de Tela (2089).png,Nathan Ferguson,72,0,2,0,2,0,5,0,40,7,72,86,85,6,58,83,91,3,13,33,23,0,0,0,1,3,13,2,13,70,78,"7,5","7,5","0,8","0,7"
,Captura de Tela (2090).png,Marc Guehi,81,0,2,0,2,0,5,0,40,9,72,89,85,5,58,100,91,3,13,0,23,0,0,1,1,1,13,0,13,93,78,"7,8","7,5","0,4","0,7"
,Captura de Tela (2091).png,Joachim Andersen,79,0,2,0,2,0,5,0,40,6,72,83,85,5,58,100,91,1,13,0,23,0,0,0,1,1,13,1,13,93,78,"7,7",75,"0,4","0,7"
,Captura de Tela (2092).png,Dantel Mufioz,77,0,2,0,2,0,5,0,40,9,72,78,85,7,58,100,91,1,13,0,23,0,0,0,1,1,13,2,13,93,78,"0,1","7,5","1,6","20,7"
,Captura de Tela (2106).png,Eddie Nketiah,76,0,1,0,0,0,7,0,29,11,89,82,83,5,56,100,92,1,12,0,33,0,1,0,1,0,18,2,15,93,68,"8,6","6,6","1,0","0,8"
,Captura de Tela (2107).png,Daichi Kamada,81,0,1,0,0,2,7,0,29,10,89,100,83,12,66,75,92,2,12,100,33,0,1,0,1,3,18,3,15,93,68,"9,7","6,6","1,1","0,8"
,Captura de Tela (2108).png,Scott Banks,67,0,1,0,0,1,7,0,29,5,89,60,83,6,66,83,92,0,12,0,33,0,1,0,1,0,18,1,15,93,68,"0,4","6,6","1,5","0,8"
,Captura de Tela (2109).png,Bradley Gray,60,0,1,0,0,0,7,0,29,1,89,0,83,0,66,0,92,0,12,0,33,0,1,0,1,0,18,0,15,9,68,"1,1","6,6","0,2","0,8"
,Captura de Tela (2110).png,Jesurun Rak-Sakyi,72,0,1,0,0,0,7,0,29,9,89,78,83,7,66,100,92,1,12,0,33,0,1,0,1,1,18,1,15,84,68,"9,5","6,6","1,1","0,8"
,Captura de Tela (2111).png,Lewis Cook,77,1,1,0,0,4,7,50,29,7,89,100,83,5,66,100,92,1,12,100,33,0,1,0,1,3,18,2,15,93,68,"9,8","6,6","0,8","0,8"
,Captura de Tela (2112).png,Will Yuplegt,76,0,1,0,0,0,7,0,29,2,89,50,83,2,66,100,92,0,12,0,33,0,1,0,1,0,18,1,15,21,68,"2,0","6,6","0,2","0,8"
,Captura de Tela (2113).png,Kevin Kampl,79,0,1,0,0,0,7,0,29,7,89,71,83,6,66,100,92,1,12,0,33,0,1,0,1,1,18,2,15,72,68,"7,0","6,6","0,3","0,8"
,Captura de Tela (2114).png,Jonathan Gomez,67,0,1,0,0,0,7,0,29,0,89,0,83,0,66,0,92,0,12,0,33,0,1,0,1,0,18,0,15,9,68,"1,0","6,6","0,0","0,8"
,Captura de Tela (2115).png,Mitchell,77,0,1,0,0,0,7,0,29,8,89,75,83,5,66,100,92,3,12,33,33,1,1,0,1,2,18,0,15,84,68,"9,8","6,6","1,9","0,8"
,Captura de Tela (2116).png,Elias Fink,64,0,1,0,0,0,7,0,29,1,89,100,83,0,66,0,92,1,12,0,33,0,1,1,1,0,18,0,15,9,68,"0,9","6,6","0,1","0,8"
,Captura de Tela (2117).png,George Coleman,65,0,1,0,0,0,7,0,29,11,89,100,83,9,66,89,92,1,12,0,33,0,1,0,1,3,18,0,15,84,68,"7,2","6,6","0,5","0,8"
,Captura de Tela (2118).png,Chris Richards,76,0,1,0,0,0,7,0,29,7,89,100,83,5,66,100,92,0,12,0,33,0,1,0,1,2,18,0,15,93,68,"8,3","6,6","0,6","0,8"
,Captura de Tela (2119).png,Dantel Mufioz,77,0,1,0,0,0,7,0,29,8,89,75,83,4,66,100,92,1,12,0,33,0,1,0,1,2,18,2,15,93,68,"0,4","6,6","2,2","0,8"
,Captura de Tela (2139).png,Jean-Philippe Mateta,79,2,4,0,4,3,6,67,67,4,68,100,88,4,55,100,96,1,16,0,19,0,0,0,1,0,11,0,7,92,72,"9,0","7,0","1,4","0,9"
,Captura de Tela (2140).png,Daichi Kamada,81,0,4,2,4,0,6,0,67,11,68,91,88,8,55,100,96,1,16,100,19,0,0,0,1,1,11,1,7,92,72,"9,3","7,0","1,2","0,9"
,Captura de Tela (2141).png,Anthony Gordon,78,0,4,2,4,1,6,0,67,5,68,80,88,6,55,83,96,0,16,0,19,0,0,0,1,0,11,1,7,92,72,"9,5","7,0","1,4","0,9"
,Captura de Tela (2142).png,Ismaila Sarr,83,2,4,0,4,2,6,100,67,5,68,80,88,5,55,80,96,1,16,0,19,0,0,0,1,1,11,2,7,92,72,"0,6","7,0","2,6","0,9"
,Captura de Tela (2143).png,Tom Davies,78,0,4,0,4,0,6,0,67,9,68,100,88,6,55,100,96,4,16,25,19,0,0,0,1,4,11,0,7,92,72,"9,7","7,0","1,0","0,9"
,Captura de Tela (2144).png,Will Hughes,76,0,4,0,4,0,6,0,67,0,68,0,88,0,55,0,96,0,16,0,19,0,0,0,1,0,11,0,7,7,72,"0,7","7,0","0,0","0,9"
,Captura de Tela (2145).png,Jefferson Lerma,76,0,4,0,4,0,6,0,67,8,68,75,88,7,55,100,96,1,16,0,19,0,0,0,1,0,11,0,7,85,72,"8,8","7,0","0,6","0,9"
,Captura de Tela (2146).png,Tyrick Mitchell,77,0,4,0,4,0,6,0,67,5,68,100,88,3,55,100,96,1,16,0,19,0,0,0,1,0,11,0,7,92,72,"9,4","7,0","1,5","0,9"
,Captura de Tela (2147).png,Chris Richards,76,0,4,0,4,0,6,0,67,2,68,100,88,1,55,100,96,0,16,0,19,0,0,0,1,1,11,0,7,7,72,"0,5","7,0","0,0","0,9"
,Captura de Tela (2148).png,Marc Guehi,81,0,4,0,4,0,6,0,67,7,68,86,88,6,55,100,96,4,16,0,19,0,0,1,1,0,11,1,7,85,72,"8,3","7,0","0,7","0,9"
,Captura de Tela (2149).png,Joachim Andersen,79,0,4,0,4,0,6,0,67,3,68,67,88,3,55,100,96,1,16,100,19,0,0,0,1,2,11,1,7,92,72,"7,8","7,0","0,3","0,9"
,Captura de Tela (2150).png,Tino Livramento,77,0,4,0,4,0,6,0,67,0,68,0,88,0,55,0,96,0,16,0,19,0,0,0,1,0,11,0,7,7,72,"0,6","7,0","0,0","0,9"
,Captura de Tela (2151).png,Daniel Munoz,77,0,4,0,4,0,6,0,67,6,68,83,88,6,55,100,96,2,16,0,19,0,0,0,1,0,11,1,7,85,72,"9,4","7,0","1,9","0,9"
,Captura de Tela (2152).png,Caoimhin Kelleher,76,0,4,0,4,0,6,0,67,3,68,100,88,0,55,0,96,0,16,0,19,0,0,0,1,2,11,0,7,92,72,"3,6","7,0","0,0","0,9"
,Captura de Tela (2155).png,Anthony Gordon,79,0,2,0,2,0,12,0,50,7,71,57,87,5,63,100,90,1,6,100,50,0,0,0,0,1,15,0,9,95,80,"9,2","7,3","1,3","0,9"
,Captura de Tela (2156).png,Eddie Nketiah,76,0,2,1,2,1,12,0,50,7,71,100,87,6,63,83,90,0,6,0,50,0,0,0,0,1,15,2,9,77,80,"6,7","7,3","0,8","40,9"
,Captura de Tela (2157).png,Ismaila Sarr,83,1,2,1,2,4,12,75,50,10,71,80,87,11,63,100,90,0,6,0,50,0,0,0,0,0,15,0,9,95,80,"9,8","7,3","1,9","0,9"
,Captura de Tela (2158).png,Daichi Kamada,81,1,2,0,2,2,12,100,50,10,71,80,87,10,63,90,90,2,6,0,50,0,0,0,0,0,15,4,9,95,80,"8,9","7,3","1,1","0,9"
,Captura de Tela (2159).png,Tom Davies,78,0,2,0,2,0,12,0,50,9,71,100,87,8,63,100,90,0,6,0,50,0,0,0,0,0,15,1,9,95,80,"9,6","7,3","0,9","0,9"
,Captura de Tela (2160).png,Jefferson Lerma,76,0,2,0,2,3,12,33,50,5,71,100,87,7,63,86,90,0,6,0,50,0,0,0,0,0,15,1,9,95,80,"9,2","7,3","1,2","0,9"
,Captura de Tela (2161).png,Tino Livramento,77,0,2,0,2,0,12,0,50,3,71,100,87,2,63,100,90,0,6,0,50,0,0,0,0,1,15,0,9,18,80,"1,8","7,3","0,3","40,9"
,Captura de Tela (2162).png,Tyrick Mitchell,77,0,2,0,2,0,12,0,50,3,71,100,87,3,63,67,90,0,6,0,50,0,0,0,0,1,15,0,9,77,80,"7,3","7,3","1,2","0,9"
,Captura de Tela (2163).png,Marc Guehi,81,0,2,0,2,0,12,0,50,1,71,100,87,2,63,50,90,1,6,100,50,0,0,0,0,3,15,0,9,95,80,"8,2","7,3","0,4","0,9"
,Captura de Tela (2164).png,Chris Richards,77,0,2,0,2,1,12,0,50,2,71,100,87,3,63,67,90,0,6,0,50,0,0,0,0,1,15,0,9,95,80,"8,5","7,3","0,6","0,9"
,Captura de Tela (2165).png,Daniel Munoz,77,0,2,0,2,0,12,0,50,10,71,100,87,5,63,100,90,2,6,50,50,0,0,0,0,4,15,0,9,95,80,"0,0","7,3","2,2","40,9"
,Captura de Tela (2166).png,Sam Johnstone,75,0,2,0,2,0,12,0,50,2,71,50,87,0,63,0,90,0,6,0,50,0,0,0,0,3,15,0,9,95,80,"3,4","7,3","0,0","0,9"
,Captura de Tela (2194).png,Eddie Nketiah,77,0,6,0,6,0,9,0,89,1,72,100,88,1,51,100,88,1,15,0,13,0,0,0,1,0,14,0,10,20,63,"1,7","6,1","0,2","0,7"
,Captura de Tela (2195).png,Jean-Philippe Mateta,79,2,6,0,6,2,9,100,89,8,72,88,88,3,51,100,88,1,15,0,13,0,0,0,1,0,14,0,10,73,63,"6,6","6,1","0,7","0,7"
,Captura de Tela (2196).png,Daichi Kamada,81,1,6,0,6,2,9,50,89,6,72,83,88,5,51,80,88,0,15,0,13,0,0,0,1,0,14,2,10,93,63,"9,6","6,1","1,2","0,7"
,Captura de Tela (2197).png,Anthony Gordon,79,0,6,5,6,0,9,0,89,13,72,85,88,12,51,92,88,2,15,50,13,0,0,0,1,1,14,2,10,93,63,"0,5","6,1","2,0","0,7"
,Captura de Tela (2198).png,Ismaila,83,3,6,0,6,5,9,100,89,5,72,100,88,5,51,60,88,1,15,0,13,0,0,0,1,0,14,2,10,93,63,"0,7","6,1","2,2","0,7"
,Captura de Tela (2199).png,Tom Davies,78,0,6,0,6,0,9,0,89,4,72,75,88,4,51,100,88,1,15,0,13,0,0,0,1,0,14,1,10,43,63,"4,4","6,1","0,6","0,7"
,Captura de Tela (2200).png,Lewis Cook,77,0,6,0,6,0,9,0,89,3,72,67,88,2,51,50,88,0,15,0,13,0,0,0,1,1,14,1,10,50,63,"5,5","6,1","0,5","0,7"
,Captura de Tela (2201).png,Will Aupdeg,76,0,6,0,6,0,9,0,89,4,72,75,88,3,51,100,88,1,15,0,13,0,0,0,1,0,14,1,10,30,63,"2,8","6,1","0,1","0,7"
,Captura de Tela (2202).png,Jefferson Lerma,76,0,6,0,6,0,9,0,89,4,72,75,88,4,51,75,88,1,15,0,13,0,0,0,1,1,14,1,10,63,63,"6,7","6,1","0,7","0,7"
,Captura de Tela (2203).png,Jonathan Gomez,67,0,6,0,6,0,9,0,89,7,72,100,88,2,51,100,88,0,15,0,13,0,0,0,1,4,14,0,10,93,63,"8,9","6,1","0,9","0,7"
,Captura de Tela (2204).png,George Coleman,65,0,6,0,6,0,9,0,89,4,72,75,88,2,51,100,88,1,15,0,13,0,0,0,1,1,14,0,10,63,63,"5,7","6,1","0,3","0,7"
,Captura de Tela (2205).png,Chris Richards,77,0,6,0,6,0,9,0,89,0,72,0,88,0,51,0,88,2,15,50,13,0,0,0,1,1,14,0,10,93,63,"8,2","6,1","0,5","0,7"
,Captura de Tela (2206).png,James Tomkins,71,0,6,0,6,0,9,0,89,1,72,100,88,0,51,0,88,0,15,0,13,0,0,0,1,1,14,0,10,30,63,"2,5","6,1","0,1","0,7"
,Captura de Tela (2207).png,Daniel Mufioz,77,0,6,0,6,0,9,0,89,2,72,100,88,2,51,100,88,0,15,0,13,0,0,0,1,0,14,0,10,20,63,"1,7","4,1","0,1","0,7"
,Captura de Tela (2208).png,Tino Livramento,77,0,6,1,6,0,9,0,89,6,72,100,88,5,51,100,88,4,15,0,13,0,0,1,1,2,14,0,10,73,63,"8,0","4,1","1,4","0,7"
,Captura de Tela (2209).png,Sam Johnstone,75,0,6,0,6,0,9,0,89,4,72,100,88,1,51,100,88,0,15,0,13,0,0,0,1,2,14,0,10,93,63,"4,2","6,1","0,0","0,7"
,Captura de Tela (2221).png,Eddie Nketiah,77,0,0,0,0,1,5,0,20,4,97,100,86,4,87,100,86,0,12,0,50,0,0,0,1,0,14,0,15,31,64,"3,3","6,1","0,4","40,6"
,Captura de Tela (2222).png,Jean-Philippe Mateta,79,0,0,0,0,0,5,0,20,2,97,100,86,1,87,100,86,0,12,0,50,0,0,0,1,0,14,0,15,63,64,"5,6","6,1","0,5","0,6"
,Captura de Tela (2223).png,Daichi Kamada,81,0,0,0,0,0,5,0,20,7,97,86,86,5,87,80,86,0,12,0,50,0,0,0,1,0,14,1,15,63,64,"6,4","6,1","0,7","40,6"
,Captura de Tela (2224).png,Anthony Gordon,79,0,0,0,0,1,5,100,20,9,97,67,86,8,87,75,86,3,12,0,50,0,0,0,1,0,14,2,15,94,64,"0,4","6,1","1,2","0,6"
,Captura de Tela (2225).png,Lewis Cook,77,0,0,0,0,1,5,0,20,2,97,100,86,3,87,67,86,1,12,100,50,0,0,0,1,2,14,0,15,12,64,"1,4","6,1","0,1","0,4"
,Captura de Tela (2226).png,Tom Davies,78,0,0,0,0,0,5,0,20,6,97,50,86,9,87,44,86,1,12,100,50,0,0,0,1,1,14,6,15,82,64,"8,9","6,1","1,3","0,6"
,Captura de Tela (2227).png,Ismaila Sarr,83,0,0,0,0,1,5,0,20,6,97,100,86,4,87,100,86,0,12,0,50,0,0,0,1,1,14,0,15,94,64,"0,1","6,1","1,3","0,6"
,Captura de Tela (2228).png,Will Yupbegt,76,0,0,0,0,0,5,0,20,7,97,100,86,7,87,86,86,0,12,0,50,0,0,0,1,0,14,1,15,31,64,"3,3","6,1","0,3","0,6"
,Captura de Tela (2229).png,Jefferson Lerma,76,0,0,0,0,0,5,0,20,13,97,85,86,12,87,92,86,0,12,0,50,0,0,0,1,0,14,2,15,94,64,"9,0","6,1","0,3","0,6"
,Captura de Tela (2230).png,Nathaniel Iebsey,69,0,0,0,0,0,5,0,20,0,97,0,86,0,87,0,86,0,12,0,50,0,0,0,1,0,14,0,15,1,64,"0,1","6,1","0,0","0,6"
,Captura de Tela (2231).png,Jonathan Gomez,67,0,0,0,0,0,5,0,20,10,97,70,86,8,87,100,86,2,12,100,50,0,0,0,1,4,14,2,15,93,64,"9,6","6,1","1,0","0,6"
,Captura de Tela (2232).png,Marc Guehi,81,0,0,0,0,0,5,0,20,9,97,100,86,8,87,100,86,2,12,50,50,0,0,0,1,2,14,0,15,94,64,"8,8","6,1","0,7","40,6"
,Captura de Tela (2233).png,Chris Richards,77,0,0,0,0,0,5,0,20,13,97,92,86,12,87,92,86,2,12,50,50,0,0,0,1,2,14,0,15,94,64,"8,2","6,1","0,6","0,6"
,Captura de Tela (2234).png,Tino Livramento,77,0,0,0,0,1,5,0,20,2,97,50,86,2,87,100,86,0,12,0,50,0,0,0,1,0,14,1,15,49,64,"4,6","6,1","0,3","0,6"
,Captura de Tela (2250).png,Eddie Nketiah,77,0,1,0,1,0,4,0,75,1,87,100,90,1,71,100,92,0,7,0,57,0,1,0,1,0,11,0,11,9,63,"1,0","5,9","0,1","0,5"
,Captura de Tela (2251).png,Jean-Philippe Mateta,79,0,1,0,1,1,4,100,75,5,87,80,90,4,71,100,92,1,7,0,57,0,1,0,1,0,11,0,11,83,63,"8,0","5,9","0,7","0,5"
,Captura de Tela (2252).png,Daichi Kamada,81,0,1,1,1,0,4,0,75,6,87,83,90,6,71,67,92,0,7,0,57,1,1,0,1,0,11,3,11,92,63,"9,2","5,9","0,6","0,5"
,Captura de Tela (2253).png,Ismaila Sarr,83,0,1,0,1,0,4,0,75,1,87,100,90,1,71,100,92,0,7,0,57,0,1,0,1,0,11,0,11,9,63,"1,1","5,9","0,4","0,5"
,Captura de Tela (2254).png,Anthony Gordon,79,0,1,0,1,0,4,0,75,6,87,67,90,7,71,71,92,0,7,0,57,0,1,0,1,3,11,3,11,83,63,"9,1","5,9","1,2","0,5"
,Captura de Tela (2255).png,Reece Paterson,71,0,1,0,1,1,4,0,75,12,87,75,90,11,71,100,92,0,7,0,57,0,1,0,1,1,11,0,11,92,63,"0,1","5,9","1,1","0,5"
,Captura de Tela (2256).png,Davies,78,0,1,0,1,0,4,0,75,1,87,100,90,1,71,100,92,0,7,0,57,0,1,0,1,1,11,0,11,28,63,"2,8","5,9","0,2","0,5"
,Captura de Tela (2257).png,Lewis Cook,77,1,1,0,1,1,4,100,75,8,87,100,90,5,71,100,92,2,7,50,57,0,1,0,1,1,11,0,11,64,63,"6,5","5,9","0,5","0,5"
,Captura de Tela (2258).png,Jefferson Lerma,76,0,1,0,1,0,4,0,75,14,87,100,90,9,71,100,92,1,7,100,57,0,1,0,1,0,11,0,11,92,63,"8,7","5,9","0,3","0,5"
,Captura de Tela (2259).png,Tino Livramento,77,0,1,0,1,0,4,0,75,6,87,67,90,4,71,100,92,0,7,0,57,0,1,0,1,2,11,2,11,47,63,"4,6","5,9","0,4","0,5"
,Captura de Tela (2260).png,Mitchell,77,0,1,0,1,0,4,0,75,3,87,100,90,4,71,75,92,3,7,67,57,0,1,0,1,2,11,1,11,45,63,"4,8","5,9","0,6","0,5"
,Captura de Tela (2261).png,Gueéhi,81,0,1,0,1,0,4,0,75,4,87,100,90,3,71,100,92,0,7,0,57,0,1,0,1,0,11,0,11,92,63,"7,7","5,9","0,3","0,5"
,Captura de Tela (2262).png,Chris Richards,77,0,1,0,1,0,4,0,75,6,87,100,90,5,71,100,92,0,7,0,57,0,1,0,1,0,11,0,11,47,63,"3,8","5,9","0,1","0,5"
,Captura de Tela (2263).png,Joachim Andersen,79,0,1,0,1,0,4,0,75,2,87,100,90,1,71,100,92,0,7,0,57,0,1,1,1,0,11,0,11,45,63,"3,7","5,9","0,1","0,5"
,Captura de Tela (2264).png,Daniel Munoz,77,0,1,0,1,1,4,100,75,8,87,100,90,8,71,88,92,0,7,0,57,0,1,0,1,0,11,2,11,92,63,"9,6","5,9","0,8","0,5"
,Captura de Tela (2291).png,Eddie Nketiah,77,0,2,0,2,3,13,33,69,3,84,67,82,5,69,80,96,0,14,0,43,0,0,0,0,0,17,2,14,45,68,"4,8","6,6","0,8","0,9"
,Captura de Tela (2292).png,Ismaila,83,1,2,1,2,4,13,75,69,7,84,71,82,8,69,88,96,0,14,0,43,0,0,0,0,0,17,3,14,93,68,"0,6","6,6","2,1","0,9"
,Captura de Tela (2293).png,Reece Paterson,71,0,2,0,2,0,13,0,69,5,84,60,82,3,69,100,96,0,14,0,43,0,0,0,0,0,17,1,14,48,68,"5,2","6,6","0,7","0,9"
,Captura de Tela (2294).png,Daichi Kamada,81,0,2,0,2,0,13,0,69,0,84,0,82,0,69,0,96,0,14,0,43,0,0,0,0,0,17,0,14,3,68,"0,3","6,6","0,0","0,9"
,Captura de Tela (2295).png,Rak-Sakyi,72,4,2,1,2,1,13,100,69,8,84,88,82,6,69,100,96,2,14,50,43,0,0,0,0,1,17,1,14,90,68,"9,8","6,6","1,4","0,9"
,Captura de Tela (2296).png,Tom Davies,78,0,2,0,2,3,13,100,69,11,84,91,82,13,69,92,96,0,14,0,43,0,0,0,0,3,17,4,14,93,68,"9,8","6,6","1,3","0,9"
,Captura de Tela (2297).png,Jefferson Lerma,76,0,2,0,2,1,13,0,69,9,84,89,82,7,69,100,96,2,14,50,43,0,0,0,0,1,17,0,14,93,68,"9,5","6,6","0,9","0,9"
,Captura de Tela (2298).png,Lewis Cook,77,0,2,0,2,0,13,0,69,1,84,0,82,1,69,100,96,2,14,0,43,0,0,0,0,0,17,1,14,20,68,"2,0","6,6","0,3","0,9"
,Captura de Tela (2299).png,Cheick Doucouré,77,0,2,0,2,1,13,100,69,7,84,86,82,6,69,100,96,1,14,0,43,0,0,0,0,1,17,0,14,73,68,"6,8","6,6","0,6","0,9"
,Captura de Tela (2300).png,Nathan Ferguson,72,0,2,0,2,0,13,0,69,11,84,82,82,7,69,100,96,2,14,100,43,0,0,0,0,3,17,0,14,93,68,"0,2","6,6","2,1","0,9"
,Captura de Tela (2301).png,Chris Richards,77,0,2,0,2,0,13,0,69,0,84,0,82,0,69,0,96,0,14,0,43,0,0,0,0,0,17,0,14,3,68,"0,2","6,6","0,0","0,9"
,Captura de Tela (2302).png,George Coleman,65,0,2,0,2,0,13,0,69,5,84,100,82,5,69,100,96,2,14,50,43,0,0,0,0,2,17,0,14,90,68,"7,5","6,6","0,5","0,9"
,Captura de Tela (2303).png,Guéhi,81,0,2,0,2,0,13,0,69,5,84,100,82,2,69,100,96,2,14,50,43,0,0,0,0,5,17,0,14,93,68,"8,0","6,6","0,6","0,9"
,Captura de Tela (2304).png,Tino Livramento,78,0,2,0,2,0,13,0,69,9,84,67,82,6,69,100,96,1,14,0,43,0,0,0,0,1,17,2,14,93,68,"0,4","6,6","1,9","0,9"
,Captura de Tela (2310).png,Jean-Philippe Mateta,78,0,6,0,6,0,8,0,75,6,63,100,87,2,53,100,94,0,16,0,44,0,0,0,3,0,14,0,6,78,67,"7,4","6,2","1,3","1,0"
,Captura de Tela (2311).png,Daichi Kamada,81,0,6,0,6,0,8,0,75,0,63,0,87,0,53,0,94,0,16,0,44,0,0,0,3,0,14,0,6,14,67,"1,0","6,2","0,1","1,0"
,Captura de Tela (2312).png,Ismaila Sarr,83,4,6,2,6,5,8,80,75,7,63,100,87,6,53,100,94,0,16,0,44,0,0,0,3,0,14,0,6,92,67,"9,6","6,2","2,3","1,0"
,Captura de Tela (2313).png,Anthony Gordon,79,2,6,3,6,3,8,67,75,8,63,88,87,9,53,100,94,1,16,100,44,0,0,1,3,0,14,1,6,92,67,"9,7","6,2","2,0","1,0"
,Captura de Tela (2314).png,Davies,78,0,6,0,6,0,8,0,75,8,63,88,87,6,53,100,94,1,16,100,44,0,0,0,3,1,14,1,6,92,67,"8,8","6,2","0,9","1,0"
,Captura de Tela (2315).png,Lewis Cook,77,0,6,0,6,0,8,0,75,2,63,50,87,2,53,100,94,1,16,0,44,0,0,0,3,0,14,1,6,14,67,"1,2","6,2","0,0","1,0"
,Captura de Tela (2316).png,Jefferson Lerma,76,0,6,0,6,0,8,0,75,7,63,71,87,6,53,83,94,2,16,50,44,0,0,0,3,2,14,1,6,45,67,"4,8","6,2","0,5","41,0"
,Captura de Tela (2317).png,Dantel Munoz,77,0,6,0,6,0,8,0,75,1,63,100,87,1,53,100,94,1,16,0,44,0,0,0,3,0,14,0,6,47,67,"4,5","6,2","0,5","1,0"
,Captura de Tela (2318).png,Cheick Doucouré,77,0,6,0,6,0,8,0,75,4,63,75,87,4,53,100,94,1,16,0,44,0,0,1,3,0,14,1,6,78,67,"7,6","6,2","1,1","1,0"
,Captura de Tela (2319).png,Tyrick Ss,77,0,6,0,6,0,8,0,75,7,63,71,87,7,53,100,94,3,16,33,44,0,0,1,3,2,14,1,6,78,67,"8,5","6,2","2,8","1,0"
,Captura de Tela (2320).png,Marc Guehi,81,0,6,0,6,0,8,0,75,6,63,100,87,7,53,71,94,3,16,67,44,0,0,0,3,5,14,0,6,92,67,"8,1","6,2","0,9","1,0"
,Captura de Tela (2321).png,Chris Richards,77,0,6,0,6,0,8,0,75,1,63,100,87,0,53,0,94,2,16,50,44,0,0,0,3,1,14,0,6,92,67,"7,7","6,2","0,6","1,0"
,Captura de Tela (2322).png,Tino Livramento,78,0,6,1,6,0,8,0,75,5,63,100,87,3,53,100,94,1,16,0,44,0,0,0,3,2,14,0,6,92,67,"9,7","6,2","2,1","1,0"
